{"prompt": "Write out a sequence of 4 random integers between 1 and 100 inclusive. Separate the integers by a space ' ' character. DO NOT output anything else.\n", "steps": 4, "rollouts": 32, "min_int": 1, "max_int": 100, "per_step_probs": [{"1": 3.187635768283865e-10, "2": 5.7291406149296614e-11, "3": 4.2603464453028116e-11, "4": 3.044639381978738e-11, "5": 4.6050482170744017e-11, "6": 2.0974149603912035e-11, "7": 1.754308542425419e-11, "8": 1.1256993799156064e-11, "9": 1.1849072577733281e-11, "10": 8.416465962566514e-11, "11": 6.595857501856365e-12, "12": 1.4118733258426857e-11, "13": 9.561835354908532e-12, "14": 1.0030316736431519e-11, "15": 1.7116740981150102e-11, "16": 8.057925866420098e-12, "17": 7.2736919054113e-12, "18": 6.134123414698779e-12, "19": 9.041712570121353e-12, "20": 2.486232802251638e-11, "21": 5.662996064868966e-12, "22": 3.437323593826964e-12, "23": 5.9754548177711175e-12, "24": 1.8420447070766328e-11, "25": 9.074348451783959e-12, "26": 2.9631072885791976e-12, "27": 4.672027669556109e-12, "28": 2.2189981592613103e-12, "29": 3.774837414730614e-12, "30": 1.1183396629292619e-11, "31": 3.783783112223531e-12, "32": 1.3464321808013018e-12, "33": 7.393899256677783e-13, "34": 1.0950822400732271e-12, "35": 2.848766405453803e-12, "36": 1.223420024744824e-12, "37": 7.873497500043658e-13, "38": 1.3144521333136383e-12, "39": 6.873270322190727e-13, "40": 5.042732754832768e-12, "41": 7.600184734268297e-13, "42": 9.935829921597503e-13, "43": 7.437562845426883e-13, "44": 6.82584639200141e-13, "45": 1.2008879194171155e-12, "46": 5.863185352588799e-13, "47": 6.638944434629453e-13, "48": 1.3455259411189712e-12, "49": 1.1410795525686282e-12, "50": 1.0281171909674777e-11, "51": 3.2437133623018777e-13, "52": 9.649792025350864e-13, "53": 6.377222894135764e-13, "54": 5.583401336666245e-13, "55": 6.773799508844903e-13, "56": 5.239250928734865e-13, "57": 2.2355990513141917e-13, "58": 2.132885833448848e-13, "59": 4.3763057537849203e-13, "60": 4.155688618966576e-12, "61": 4.0799825232685026e-13, "62": 3.371854014605989e-13, "63": 5.592034092801568e-13, "64": 1.7467951098342097e-12, "65": 7.515982331573022e-13, "66": 2.2361321232080405e-13, "67": 3.8151164905928703e-13, "68": 5.683823908529098e-13, "69": 4.016628661521994e-13, "70": 1.636080536341238e-12, "71": 4.966169388763322e-13, "72": 4.369816494198296e-13, "73": 1.8528854053073021e-13, "74": 2.7764643638550514e-13, "75": 1.0423012857128366e-12, "76": 4.1208936516971346e-13, "77": 8.251810955153028e-13, "78": 3.6440150632327915e-13, "79": 3.290341842347714e-13, "80": 2.6733828300843025e-12, "81": 4.266807146604664e-13, "82": 1.2765446028641934e-13, "83": 1.984033884958225e-13, "84": 2.5737379338716524e-13, "85": 5.295249494674723e-13, "86": 5.655189224016387e-13, "87": 3.6213234260187996e-13, "88": 2.6952588282825547e-13, "89": 2.754027664923977e-13, "90": 4.021068941110087e-12, "91": 4.607116885414593e-13, "92": 2.870325106032771e-13, "93": 6.900224185956175e-13, "94": 3.495383054506439e-13, "95": 1.2958765187636407e-12, "96": 5.321310524681672e-13, "97": 5.39673390298441e-13, "98": 4.4149473253048056e-13, "99": 9.221886377071923e-13, "100": 4.1605286214211537e-11}, {"1": 1.0415675391345343e-08, "2": 1.8174013668469158e-09, "3": 1.4314014380106952e-09, "4": 1.0025315271301846e-09, "5": 1.5335046885878122e-09, "6": 6.920750631832719e-10, "7": 5.757768906419353e-10, "8": 3.672496352628847e-10, "9": 3.7845255445344054e-10, "10": 2.69884349582447e-09, "11": 2.0454801864338538e-10, "12": 4.3986797626071965e-10, "13": 2.969916031607694e-10, "14": 3.049644051011976e-10, "15": 5.082915740596807e-10, "16": 2.3967795103869784e-10, "17": 2.1932056394771623e-10, "18": 1.8513627430765256e-10, "19": 2.754388085684765e-10, "20": 7.689419285780831e-10, "21": 1.6544355029974181e-10, "22": 1.0171806216678556e-10, "23": 1.7939775574754752e-10, "24": 5.57627746978503e-10, "25": 2.765757612638424e-10, "26": 8.629472691453184e-11, "27": 1.3533387945419142e-10, "28": 6.780589663237284e-11, "29": 1.1281653722543608e-10, "30": 3.4769616590375813e-10, "31": 1.1250815410871062e-10, "32": 4.105728733261494e-11, "33": 2.2002087367759506e-11, "34": 3.202248273492135e-11, "35": 8.789897196235852e-11, "36": 3.667292337622962e-11, "37": 2.300231058659664e-11, "38": 3.914716190479966e-11, "39": 2.07287059397769e-11, "40": 1.5914662402362508e-10, "41": 2.201091202738011e-11, "42": 3.00476566611391e-11, "43": 2.1354002982383586e-11, "44": 1.9255613377028885e-11, "45": 3.492759988212988e-11, "46": 1.6951294488166985e-11, "47": 1.9291374350567406e-11, "48": 3.8404238182539175e-11, "49": 3.440414421291136e-11, "50": 3.1936125647179003e-10, "51": 9.098571856075486e-12, "52": 2.791101606607285e-11, "53": 1.803779935377007e-11, "54": 1.56006185591137e-11, "55": 1.9153995686389618e-11, "56": 1.4539443030736766e-11, "57": 6.265163388415165e-12, "58": 6.04921784402907e-12, "59": 1.2767281091662857e-11, "60": 1.2278350040508838e-10, "61": 1.1454200009646685e-11, "62": 9.47673735603334e-12, "63": 1.5800431753728887e-11, "64": 5.050916985771439e-11, "65": 2.1518392236267394e-11, "66": 6.507053493620947e-12, "67": 1.1230075063140881e-11, "68": 1.6154744348720695e-11, "69": 1.1184378558933403e-11, "70": 4.676948145698104e-11, "71": 1.3571848878539625e-11, "72": 1.2724658349669937e-11, "73": 5.1464412179345e-12, "74": 7.658910033365933e-12, "75": 2.918694574123855e-11, "76": 1.1885627236144477e-11, "77": 2.4769840465909584e-11, "78": 1.0393734930771907e-11, "79": 9.271744217259419e-12, "80": 7.953675006375774e-11, "81": 1.2047120008529083e-11, "82": 3.4956048194849495e-12, "83": 5.62486927243826e-12, "84": 7.038264270179057e-12, "85": 1.4791921856613833e-11, "86": 1.6393911459274454e-11, "87": 1.0274170496906859e-11, "88": 7.794533652692369e-12, "89": 7.796131011363104e-12, "90": 1.1601087313387673e-10, "91": 1.3230440609080438e-11, "92": 8.380802899163209e-12, "93": 1.9222774340000763e-11, "94": 9.518478138546316e-12, "95": 3.64247594032457e-11, "96": 1.544473147366629e-11, "97": 1.5473282180166187e-11, "98": 1.2618196258136245e-11, "99": 2.7339643978256453e-11, "100": 1.2519834786107413e-09}, {"1": 3.564872877800659e-09, "2": 5.946324768271154e-10, "3": 4.79536206308663e-10, "4": 3.3805831021178045e-10, "5": 5.188969428608237e-10, "6": 2.2945341437747016e-10, "7": 1.926404838497624e-10, "8": 1.1957789132731472e-10, "9": 1.225360807027599e-10, "10": 8.903516137470555e-10, "11": 6.775782930907922e-11, "12": 1.4150459859787357e-10, "13": 9.639458785347311e-11, "14": 1.0016188654622829e-10, "15": 1.6529938850317104e-10, "16": 7.648910299491759e-11, "17": 7.215752036651943e-11, "18": 6.236669806858675e-11, "19": 9.081664224060968e-11, "20": 2.51845193902761e-10, "21": 5.3247388285150795e-11, "22": 3.3738720217399624e-11, "23": 5.99782182425071e-11, "24": 1.8123066759521656e-10, "25": 9.10597220944343e-11, "26": 2.8733230298339177e-11, "27": 4.4674536654260354e-11, "28": 2.272237113944186e-11, "29": 3.642028419095009e-11, "30": 1.1139249144673446e-10, "31": 3.571042006001078e-11, "32": 1.2988914270979013e-11, "33": 6.973692381603488e-12, "34": 1.0286555348603937e-11, "35": 2.850208916779964e-11, "36": 1.1652511866755164e-11, "37": 7.473513718364693e-12, "38": 1.2586571451226927e-11, "39": 6.721979694675963e-12, "40": 5.1645150349366015e-11, "41": 7.025364690041327e-12, "42": 9.785431771357526e-12, "43": 6.879890023403364e-12, "44": 6.322360406020565e-12, "45": 1.1130566018605305e-11, "46": 5.58495718396682e-12, "47": 6.220690400160228e-12, "48": 1.2406896186104284e-11, "49": 1.0819735545486357e-11, "50": 1.0259343317768702e-10, "51": 2.9098235825239075e-12, "52": 8.790114932251453e-12, "53": 5.96746808852902e-12, "54": 4.940253711400647e-12, "55": 6.307868476846084e-12, "56": 4.635036778487974e-12, "57": 2.0176998314522193e-12, "58": 1.9577964452158082e-12, "59": 4.008650430684278e-12, "60": 3.97976810262905e-11, "61": 3.709375872501285e-12, "62": 3.0263106025674226e-12, "63": 5.062998020989689e-12, "64": 1.6022714991542586e-11,