{"prompt": "Write out a sequence of 2 random integers between 1 and 100 inclusive. Separate the integers by a space ' ' character. DO NOT output anything else.\n", "steps": 2, "rollouts": 32, "min_int": 1, "max_int": 100, "per_step_probs": [{"1": 4.5591241467248325e-10, "2": 7.901954917351073e-11, "3": 5.827325274227847e-11, "4": 4.2751450942041e-11, "5": 6.28035975325543e-11, "6": 2.7713721196074453e-11, "7": 2.366432538799469e-11, "8": 1.485801351264193e-11, "9": 1.5851698732425758e-11, "10": 1.1448303356082245e-10, "11": 8.662553579897438e-12, "12": 1.8746105435100392e-11, "13": 1.2300798165993819e-11, "14": 1.2715642704408227e-11, "15": 2.1752458576498736e-11, "16": 1.0000077545319519e-11, "17": 9.197561952845179e-12, "18": 7.908162908602182e-12, "19": 1.156377654002199e-11, "20": 3.267767244635594e-11, "21": 7.070305030024063e-12, "22": 4.30887052036643e-12, "23": 7.82654715493743e-12, "24": 2.3173795906352944e-11, "25": 1.1907116281522095e-11, "26": 3.6462973653203365e-12, "27": 5.850453401694171e-12, "28": 2.846078047342677e-12, "29": 4.758417518622396e-12, "30": 1.4874204131726137e-11, "31": 4.8032264542825155e-12, "32": 1.7291400505330962e-12, "33": 9.44747610860758e-13, "34": 1.359134557346182e-12, "35": 3.697358741709639e-12, "36": 1.5101257335841875e-12, "37": 9.660417855025002e-13, "38": 1.6105065629058967e-12, "39": 9.070138980397037e-13, "40": 6.6256020033077086e-12, "41": 9.144119407073258e-13, "42": 1.2691648269723776e-12, "43": 9.28969516411332e-13, "44": 8.379823873481425e-13, "45": 1.5663068889144256e-12, "46": 7.213574566020408e-13, "47": 8.296251445583344e-13, "48": 1.659672051310075e-12, "49": 1.4823047986214427e-12, "50": 1.4006375685294343e-11, "51": 4.033780099243708e-13, "52": 1.1672419155109502e-12, "53": 8.03223464510303e-13, "54": 6.704095478934245e-13, "55": 8.629073344249448e-13, "56": 6.068683256449256e-13, "57": 2.6828007105555203e-13, "58": 2.549518617822473e-13, "59": 5.358485797752664e-13, "60": 5.549207296492967e-12, "61": 5.074609212345293e-13, "62": 4.169946627259626e-13, "63": 7.048703697575104e-13, "64": 2.2530224858573112e-12, "65": 9.83060607185694e-13, "66": 2.806075757737127e-13, "67": 4.826624130856372e-13, "68": 7.028860952010917e-13, "69": 4.956290234154232e-13, "70": 2.1051009033840348e-12, "71": 5.908043907828035e-13, "72": 5.402449794242907e-13, "73": 2.1393068946495595e-13, "74": 3.2781642213091735e-13, "75": 1.2842135172542828e-12, "76": 4.907179108329675e-13, "77": 1.0446199180313208e-12, "78": 4.4886058504532785e-13, "79": 3.9888235812736875e-13, "80": 3.398962724890713e-12, "81": 5.057872759465394e-13, "82": 1.534775150216452e-13, "83": 2.4044846781462854e-13, "84": 2.902238108077844e-13, "85": 6.32600205367122e-13, "86": 6.872772170779184e-13, "87": 4.469503465818668e-13, "88": 3.1768209299745735e-13, "89": 3.2253717841948084e-13, "90": 5.198382247371207e-12, "91": 5.601481437478623e-13, "92": 3.495703081032194e-13, "93": 8.412765990256951e-13, "94": 4.1463755714751145e-13, "95": 1.5984002633376533e-12, "96": 6.474845533060562e-13, "97": 6.886103596832472e-13, "98": 5.501600695875526e-13, "99": 1.1939449115580475e-12, "100": 5.524814220376841e-11}, {"1": 1.832854362251255e-08, "2": 3.281873525442654e-09, "3": 2.3553638055779688e-09, "4": 1.7392446350135343e-09, "5": 2.5657505283523268e-09, "6": 1.1604733993684996e-09, "7": 9.788033800289035e-10, "8": 6.165287975724776e-10, "9": 6.684575643372077e-10, "10": 4.8270139861645815e-09, "11": 3.6498694233153704e-10, "12": 8.053822049920755e-10, "13": 5.21239176964767e-10, "14": 5.504468793490957e-10, "15": 9.4726702918325e-10, "16": 4.403705981842001e-10, "17": 4.0027824417571915e-10, "18": 3.4019821150112365e-10, "19": 4.984017723536682e-10, "20": 1.3851570986890084e-09, "21": 3.149708338425645e-10, "22": 1.8829502821026966e-10, "23": 3.304937629784209e-10, "24": 1.0043535969109646e-09, "25": 4.961222123993889e-10, "26": 1.6053527373688858e-10, "27": 2.56903225008773e-10, "28": 1.2363933668752828e-10, "29": 2.0288428073256032e-10, "30": 6.255203148378583e-10, "31": 2.1120378951398055e-10, "32": 7.313538394257489e-11, "33": 4.0144233092069245e-11, "34": 5.910612690689918e-11, "35": 1.5989746371309162e-10, "36": 6.657997532370548e-11, "37": 4.267670698389205e-11, "38": 6.991975428014878e-11, "39": 3.847811232401172e-11, "40": 2.7751441479176015e-10, "41": 4.1885626040286926e-11, "42": 5.541066180855598e-11, "43": 4.0919917192355685e-11, "44": 3.699721275157872e-11, "45": 6.922186945106401e-11, "46": 3.1563436525102775e-11, "47": 3.6315013957408316e-11, "48": 7.365286803482255e-11, "49": 6.224958760691153e-11, "50": 5.812903037976922e-10, "51": 1.8345232549580105e-11, "52": 5.168499199391298e-11, "53": 3.5178244545097505e-11, "54": 2.93384681928314e-11, "55": 3.7729391155587005e-11, "56": 2.7568537991110055e-11, "57": 1.2127739486188929e-11, "58": 1.1875593650834001e-11, "59": 2.377540841806487e-11, "60": 2.2772161628910466e-10, "61": 2.2865775998655885e-11, "62": 1.839543071580858e-11, "63": 3.166165774754253e-11, "64": 9.646581136570846e-11, "65": 4.2804313435001087e-11, "66": 1.2066635387939118e-11, "67": 2.168020808702036e-11, "68": 3.1293249559340613e-11, "69": 2.174300661559667e-11, "70": 9.277215661269438e-11, "71": 2.7195919582597668e-11, "72": 2.4995991789188763e-11, "73": 9.83255190919284e-12, "74": 1.4727993495792186e-11, "75": 5.5752409051005517e-11, "76": 2.2916838482187926e-11, "77": 4.7591914648260044e-11, "78": 2.060844886069634e-11, "79": 1.8244186594995328e-11, "80": 1.4757021817309225e-10, "81": 2.3037266306324297e-11, "82": 7.008925237987877e-12, "83": 1.0865141860344818e-11, "84": 1.313323627799918e-11, "85": 2.9920188228541974e-11, "86": 3.1582999321485944e-11, "87": 2.0128289508402847e-11, "88": 1.462073524801485e-11, "89": 1.4899125023843346e-11, "90": 2.248593879809519e-10, "91": 2.5621129213735108e-11, "92": 1.6258145188773223e-11, "93": 3.9184842304268615e-11, "94": 1.958712106146019e-11, "95": 7.234318339880476e-11, "96": 2.970786262048933e-11, "97": 3.0954415743875695e-11, "98": 2.495055220745986e-11, "99": 5.432276289295323e-11, "100": 2.328844070118167e-09}], "sampled_sequences": [[16, 220], [2983, 220], [14196, 4077], [5120, 220], [14196, 4077], [1490, 220], [14196, 4077], [14196, 4077], [717, 220], [14196, 4077], [12533, 220], [16, 220], [16, 220], [14196, 4077], [14196, 4077], [3391, 220], [1758, 220], [9870, 220], [18, 220], [6086, 220], [18, 220], [14196, 4077], [16, 220], [2983, 220], [975, 220], [16, 220], [16, 220], [14196, 4077], [25013, 85076], [7261, 220], [334, 1379], [1419, 220]]}