{"prompt": "\u5199\u51fa 4 \u4e2a\u4ecb\u4e8e 1 \u5230 100\uff08\u5305\u542b\uff09\u7684\u968f\u673a\u6574\u6570\u3002\u4f7f\u7528\u7a7a\u683c\u5b57\u7b26\uff08' '\uff09\u5206\u9694\u8fd9\u4e9b\u6574\u6570\u3002\u4e0d\u8981\u8f93\u51fa\u4efb\u4f55\u5176\u4ed6\u5185\u5bb9\u3002\n", "steps": 4, "rollouts": 32, "min_int": 1, "max_int": 100, "per_step_probs": [{"1": 5.492434950603821e-10, "2": 6.792553391123288e-11, "3": 5.6679481091584826e-11, "4": 4.010806866535718e-11, "5": 6.563031962154112e-11, "6": 2.3224062120816902e-11, "7": 2.0443861074568845e-11, "8": 1.349942912707357e-11, "9": 1.286111440558544e-11, "10": 8.40757722292578e-11, "11": 5.733575968072011e-12, "12": 1.3777685711160681e-11, "13": 8.451433634385907e-12, "14": 7.307524489625048e-12, "15": 9.853156119706072e-12, "16": 4.372469977725376e-12, "17": 5.225670645949615e-12, "18": 4.356819184611036e-12, "19": 7.168672254276298e-12, "20": 1.8307556842656526e-11, "21": 3.5889862984872873e-12, "22": 2.6322621924508323e-12, "23": 4.481977996883089e-12, "24": 1.2664812926150975e-11, "25": 6.624603729218956e-12, "26": 2.08455188119816e-12, "27": 2.8721502251547754e-12, "28": 2.3919160141411856e-12, "29": 2.7987436114522646e-12, "30": 9.24850692932623e-12, "31": 2.6540966517158116e-12, "32": 1.0312039496340386e-12, "33": 4.337812090655184e-13, "34": 6.035288727011706e-13, "35": 1.6472558659007637e-12, "36": 7.504379461935773e-13, "37": 4.701022781292799e-13, "38": 8.92894045008877e-13, "39": 4.991248625144562e-13, "40": 4.760814175721371e-12, "41": 4.094740379297229e-13, "42": 6.637146563125471e-13, "43": 3.9113444824716754e-13, "44": 3.3999984343258916e-13, "45": 6.448569247560668e-13, "46": 3.622794942810466e-13, "47": 4.039847391710097e-13, "48": 8.928361428383473e-13, "49": 6.641604151393692e-13, "50": 8.018385838530132e-12, "51": 1.9162546280187295e-13, "52": 6.683871362279302e-13, "53": 4.024028441713489e-13, "54": 2.7139173830825644e-13, "55": 4.0477454290634136e-13, "56": 2.9624389582163324e-13, "57": 1.3657161561460344e-13, "58": 1.3915134183308805e-13, "59": 3.1410437621550636e-13, "60": 3.787949609777959e-12, "61": 2.9168722037877346e-13, "62": 2.1788105115921192e-13, "63": 3.048727286437391e-13, "64": 1.0008449284902329e-12, "65": 5.966636798900769e-13, "66": 1.3086627791760064e-13, "67": 2.57827786360941e-13, "68": 3.409323633812595e-13, "69": 2.504287084702248e-13, "70": 1.009903605985803e-12, "71": 2.4302540058988595e-13, "72": 2.8061453367416294e-13, "73": 1.000363477112834e-13, "74": 1.4803545108407034e-13, "75": 6.432280492476781e-13, "76": 2.291550040887802e-13, "77": 3.9831140055214235e-13, "78": 2.5631269400175546e-13, "79": 2.2809623103398217e-13, "80": 1.979008225412706e-12, "81": 2.348350335463111e-13, "82": 7.532410696134651e-14, "83": 1.670832387170394e-13, "84": 1.7893509817188903e-13, "85": 2.638433423936436e-13, "86": 3.089163013352464e-13, "87": 1.921928207293505e-13, "88": 1.8583749077827245e-13, "89": 1.8133739225346184e-13, "90": 2.3637968542748875e-12, "91": 2.339601031480335e-13, "92": 2.1804401752403725e-13, "93": 4.717937036694856e-13, "94": 2.319101691771868e-13, "95": 6.932623756823034e-13, "96": 3.7103980720315374e-13, "97": 3.393435489509358e-13, "98": 2.978364899339728e-13, "99": 5.948228913257318e-13, "100": 3.841509447856609e-11}, {"1": 7.500726277141143e-09, "2": 9.106020715354897e-10, "3": 7.710953766918322e-10, "4": 5.394672269196465e-10, "5": 9.152956198634831e-10, "6": 3.081713757635887e-10, "7": 2.7714974566060497e-10, "8": 1.7470401705584329e-10, "9": 1.7384046611881968e-10, "10": 1.1233708949122305e-09, "11": 7.763888572112042e-11, "12": 1.823186593226843e-10, "13": 1.1369596344470433e-10, "14": 9.578118757373512e-11, "15": 1.3152783012696283e-10, "16": 5.7832001555921633e-11, "17": 6.97607614027268e-11, "18": 5.6808317756147666e-11, "19": 9.636849729671034e-11, "20": 2.4831468099723794e-10, "21": 4.68670318351766e-11, "22": 3.48422316387422e-11, "23": 5.964494182439351e-11, "24": 1.6318980345966554e-10, "25": 8.681839822782976e-11, "26": 2.780036624738049e-11, "27": 3.776203258208861e-11, "28": 3.1099397535539136e-11, "29": 3.5974101839934376e-11, "30": 1.2379096096994667e-10, "31": 3.5531035187444906e-11, "32": 1.3310206097393544e-11, "33": 5.510411320157844e-12, "34": 7.823052623864831e-12, "35": 2.1861513520123315e-11, "36": 9.839170459301308e-12, "37": 6.271253596788901e-12, "38": 1.2069064861926566e-11, "39": 6.803739578273199e-12, "40": 6.48479002114763e-11, "41": 5.474908223168086e-12, "42": 8.82343108146596e-12, "43": 5.12033546997712e-12, "44": 4.357868019719315e-12, "45": 8.739873423820564e-12, "46": 5.024027755074555e-12, "47": 5.581031376318832e-12, "48": 1.1763328051411996e-11, "49": 8.86364471148162e-12, "50": 1.0492861734019828e-10, "51": 2.6082237643856843e-12, "52": 8.766811181825886e-12, "53": 5.297088029117929e-12, "54": 3.767284853506646e-12, "55": 5.309147061234544e-12, "56": 3.965200001327883e-12, "57": 1.8146584027622563e-12, "58": 1.8097667011296034e-12, "59": 4.179190518957403e-12, "60": 5.1017050867864074e-11, "61": 3.978590293934832e-12, "62": 2.8663642365674475e-12, "63": 3.9844989577523234e-12, "64": 1.304256762831345e-11, "65": 7.772731200177762e-12, "66": 1.6648541948069144e-12, "67": 3.410147960133873e-12, "68": 4.389570298778195e-12, "69": 3.2427980175865153e-12, "70": 1.3368787319923368e-11, "71": 3.1897115550450285e-12, "72": 3.730152734205495e-12, "73": 1.3528540722425992e-12, "74": 2.031822006614398e-12, "75": 8.710325309778198e-12, "76": 3.0535771532009014e-12, "77": 5.416955054085956e-12, "78": 3.3168706813677577e-12, "79": 2.968413352703977e-12, "80": 2.5465762360616477e-11, "81": 3.1533471366878323e-12, "82": 9.743846142224624e-13, "83": 2.170748275959301e-12, "84": 2.226730307548773e-12, "85": 3.415717503604227e-12, "86": 4.0025232987769384e-12, "87": 2.548404455635726e-12, "88": 2.3735616023951567e-12, "89": 2.3281010666984097e-12, "90": 3.023876742327432e-11, "91": 3.1239016682222483e-12, "92": 2.938384068236941e-12, "93": 6.201786808701183e-12, "94": 3.18157424959518e-12, "95": 9.006055258405453e-12, "96": 4.837558242769781e-12, "97": 4.569138464416054e-12, "98": 3.879882216672731e-12, "99": 8.196251397389529e-12, "100": 5.11214252373861e-10}, {"1": 1.1730268674175963e-09, "2": 1.4204577032937977e-10, "3": 1.1778332968537162e-10, "4": 8.211643141145454e-11, "5": 1.4508842607181902e-10, "6": 4.719451843030405e-11, "7": 4.327791990312917e-11, "8": 2.7377158833712022e-11, "9": 2.6617930436994595e-11, "10": 1.7550675485195464e-10, "11": 1.1925468092932594e-11, "12": 2.8600358644504156e-11, "13": 1.7696398489242716e-11, "14": 1.489079667713473e-11, "15": 2.0192396262321445e-11, "16": 8.802075076868583e-12, "17": 1.0635528345462684e-11, "18": 8.465557666000499e-12, "19": 1.4457814517564824e-11, "20": 3.7814309092705475e-11, "21": 7.251325346000448e-12, "22": 5.3812859195570426e-12, "23": 9.316411568680914e-12, "24": 2.599614547952404e-11, "25": 1.3774158698163702e-11, "26": 4.195562754551934e-12, "27": 5.803379787764204e-12, "28": 4.6804222886759896e-12, "29": 5.476565008687817e-12, "30": 1.906809413534995e-11, "31": 5.336529251422018e-12, "32": 1.9507621121044753e-12, "33": 8.278969577203071e-13, "34": 1.1983505711013053e-12, "35": 3.3677568411628523e-12, "36": 1.4784770646543266e-12, "37": 9.501039600664357e-13, "38": 1.853880009650207e-12, "39": 1.0386069156434152e-12, "40": 9.887299394495814e-12, "41": 8.458828379587111e-13, "42": 1.393602591254373e-12, "43": 7.889312695005618e-13, "44": 6.697869956804427e-13, "45": 1.367055315670316e-12, "46": 7.435653110297524e-13, "47": 8.540783748689727e-13, "48": 1.8120595561644228e-12, "49": 1.3644181399052297e-12, "50": 1.6307093610824407e-11, "51": 3.944381440293963e-13, "52": 1.3574100903511266e-12, "53": 8.124299108665278e-13, "54": 5.653543165303595e-13, "55": 8.17433999319041e-13, "56": 6.144044447991784e-13, "57": 2.771230351153234e-13, "58": 2.7718225242217247e-13, "59": 6.332092045760856e-13, "60": 7.766594006715732e-12, "61": 5.966421173172162e-13,