{"prompt": "\u5199\u51fa 2 \u4e2a\u4ecb\u4e8e 1 \u5230 100\uff08\u5305\u542b\uff09\u7684\u968f\u673a\u6574\u6570\u3002\u4f7f\u7528\u7a7a\u683c\u5b57\u7b26\uff08' '\uff09\u5206\u9694\u8fd9\u4e9b\u6574\u6570\u3002\u4e0d\u8981\u8f93\u51fa\u4efb\u4f55\u5176\u4ed6\u5185\u5bb9\u3002\n", "steps": 2, "rollouts": 32, "min_int": 1, "max_int": 100, "per_step_probs": [{"1": 7.264991977523515e-10, "2": 9.426498158386875e-11, "3": 7.292615842025893e-11, "4": 5.160508933037371e-11, "5": 8.413496656524578e-11, "6": 2.974019625397981e-11, "7": 2.667714938799884e-11, "8": 1.6852559784275497e-11, "9": 1.652672786001318e-11, "10": 1.104935975252158e-10, "11": 7.244077013744367e-12, "12": 1.7704198261206025e-11, "13": 1.0860096633822495e-11, "14": 9.332535844896906e-12, "15": 1.2618349342353372e-11, "16": 5.583010160037333e-12, "17": 6.839846898380754e-12, "18": 5.514515104389298e-12, "19": 9.416573840606525e-12, "20": 2.446016549552466e-11, "21": 4.674719622837754e-12, "22": 3.458644563913464e-12, "23": 5.804858380404326e-12, "24": 1.6023265275548872e-11, "25": 8.615789380081135e-12, "26": 2.6405441910584195e-12, "27": 3.662056033672207e-12, "28": 2.9875607226895636e-12, "29": 3.5833295754668263e-12, "30": 1.2073928145264854e-11, "31": 3.428588774264338e-12, "32": 1.2862383517007993e-12, "33": 5.481646907437768e-13, "34": 7.642646314854623e-13, "35": 2.1406712730113386e-12, "36": 9.3973886429516e-13, "37": 6.057812415539138e-13, "38": 1.1733334298082999e-12, "39": 6.620280453183515e-13, "40": 6.207247384223453e-12, "41": 5.252338193228592e-13, "42": 8.620913713528804e-13, "43": 5.082086942156541e-13, "44": 4.4972782899585094e-13, "45": 8.475902349931754e-13, "46": 4.78055733342339e-13, "47": 5.297108200000623e-13, "48": 1.1133482319592705e-12, "49": 8.556044375819882e-13, "50": 1.0572970366714814e-11, "51": 2.491908307133829e-13, "52": 8.635659316777357e-13, "53": 5.098339478310128e-13, "54": 3.561217789501337e-13, "55": 5.183429307286239e-13, "56": 3.793406439224233e-13, "57": 1.7468408661038283e-13, "58": 1.775507416324254e-13, "59": 3.8842460052254263e-13, "60": 4.9331389640624e-12, "61": 3.8136250469633457e-13, "62": 2.8248117329567593e-13, "63": 4.0127769705400015e-13, "64": 1.3137728797710358e-12, "65": 7.789936159095944e-13, "66": 1.6345139252686397e-13, "67": 3.341863965383823e-13, "68": 4.1837529208766635e-13, "69": 3.2620223598670245e-13, "70": 1.3331567002036347e-12, "71": 3.1388158762531506e-13, "72": 3.658270357333939e-13, "73": 1.290978836740473e-13, "74": 1.893756198887454e-13, "75": 8.620387550770663e-13, "76": 3.036459156410193e-13, "77": 5.242439690640942e-13, "78": 3.42033104425493e-13, "79": 2.9531135490953454e-13, "80": 2.556927008406341e-12, "81": 3.03835939103179e-13, "82": 9.902885753031612e-14, "83": 2.1868584055526628e-13, "84": 2.27611221530582e-13, "85": 3.4019315083885827e-13, "86": 4.057067022831651e-13, "87": 2.5984747664143e-13, "88": 2.375692076317667e-13, "89": 2.3499230339523654e-13, "90": 3.2015066232183756e-12, "91": 3.197934750547773e-13, "92": 2.9503436013711143e-13, "93": 6.135875530550332e-13, "94": 3.1078857293821145e-13, "95": 8.97451102273738e-13, "96": 4.831745412444738e-13, "97": 4.569250373351751e-13, "98": 4.05770160823737e-13, "99": 8.46136498034291e-13, "100": 4.9442379975080354e-11}, {"1": 1.1335286933372526e-08, "2": 1.4445295217568895e-09, "3": 1.0919323122777635e-09, "4": 7.745046182181831e-10, "5": 1.3100640721821079e-09, "6": 4.3912633735939644e-10, "7": 3.973134479548034e-10, "8": 2.496831192395481e-10, "9": 2.436580218842899e-10, "10": 1.6599415735800368e-09, "11": 1.1012718523948292e-10, "12": 2.7067160417399375e-10, "13": 1.6696324006113327e-10, "14": 1.4147798862271973e-10, "15": 1.9317458507635282e-10, "16": 8.54128949097777e-11, "17": 1.0444950995504211e-10, "18": 8.510024657546894e-11, "19": 1.4263933150078457e-10, "20": 3.7371767796083294e-10, "21": 6.88541354220249e-11, "22": 5.2684517349561876e-11, "23": 8.792644732136592e-11, "24": 2.399646026857985e-10, "25": 1.321849887785142e-10, "26": 4.0749563783517316e-11, "27": 5.559265135128468e-11, "28": 4.5541918349714994e-11, "29": 5.3785501416658794e-11, "30": 1.8507551973958286e-10, "31": 5.309055499584887e-11, "32": 1.9585647765754828e-11, "33": 8.18701411435165e-12, "34": 1.174463028463479e-11, "35": 3.236816744267672e-11, "36": 1.4800912487738757e-11, "37": 9.343649830585123e-12, "38": 1.780255848769289e-11, "39": 1.0220839537894509e-11, "40": 9.662741578118489e-11, "41": 8.048170014708044e-12, "42": 1.3593528093593175e-11, "43": 7.845011944002894e-12, "44": 6.647660573432108e-12, "45": 1.3000777534458104e-11, "46": 7.428840079133315e-12, "47": 8.458363467742127e-12, "48": 1.744375285636348e-11, "49": 1.3127604920076741e-11, "50": 1.6581798204232992e-10, "51": 3.903001841563144e-12, "52": 1.33700222214465e-11, "53": 7.79541524481275e-12, "54": 5.6032097469074005e-12, "55": 8.034476952716031e-12, "56": 5.974413687662988e-12, "57": 2.707331802933391e-12, "58": 2.6839703390595886e-12, "59": 5.951083521600076e-12, "60": 7.440791058915749e-11, "61": 5.877098087146514e-12, "62": 4.298787261876089e-12, "63": 5.88742628497852e-12, "64": 1.9747356995038932e-11, "65": 1.1643699618244163e-11, "66": 2.4428271306476055e-12, "67": 5.136780716742788e-12, "68": 6.3784771121469805e-12, "69": 4.817160899691211e-12, "70": 2.001672100188112e-11, "71": 4.709117304530005e-12, "72": 5.593235510038342e-12, "73": 2.0218449802778544e-12, "74": 2.966717913943014e-12, "75": 1.2944736509293768e-11, "76": 4.5467006570507114e-12, "77": 8.068069834086943e-12, "78": 5.096243230058908e-12, "79": 4.430558978927463e-12, "80": 3.7642287186323397e-11, "81": 4.673423668089009e-12, "82": 1.5086507833224549e-12, "83": 3.2336045719120157e-12, "84": 3.3346345518354674e-12, "85": 5.050324836772336e-12, "86": 6.00558226143812e-12, "87": 3.786101890135657e-12, "88": 3.5245233604834584e-12, "89": 3.4427966904633535e-12, "90": 4.619131515390597e-11, "91": 4.737368829631226e-12, "92": 4.347922451067028e-12, "93": 9.314646823848936e-12, "94": 4.705692937443031e-12, "95": 1.3464102781904564e-11, "96": 7.064275014593014e-12, "97": 6.75924371670422e-12, "98": 5.9075794787111925e-12, "99": 1.2565884528800438e-11, "100": 7.464298872802713e-10}], "sampled_sequences": [[14196, 4077], [14196, 4077], [14196, 4077], [14196, 4077], [74694, 12958], [14196, 4077], [14196, 4077], [14196, 4077], [14196, 4077], [14196, 4077], [14196, 4077], [14196, 4077], [14196, 4077], [14196, 4077], [14196, 4077], [14196, 4077], [14196, 4077], [16, 220], [14196, 4077], [14196, 4077], [14196, 4077], [14196, 4077], [14196, 4077], [14196, 4077], [14196, 4077], [74694, 14402], [14196, 4077], [14196, 4077], [14196, 4077], [14196, 4077], [14196, 4077], [14196, 4077]]}