{
  "en": {
    "en": {
      "loss": 2.457564905166626,
      "acc": 0.3589333333333333
    },
    "zh": {
      "loss": 3.293747827529907,
      "acc": 0.24506666666666665
    },
    "prng": {
      "loss": 6.483419647216797,
      "acc": 0.010533333333333334
    }
  },
  "zh": {
    "en": {
      "loss": 5.5605309906005855,
      "acc": 0.009066666666666667
    },
    "zh": {
      "loss": 5.326661834716797,
      "acc": 0.0228
    },
    "prng": {
      "loss": 6.096589866638183,
      "acc": 0.008666666666666666
    }
  },
  "prng": {
    "en": {
      "loss": 4.679799362182617,
      "acc": 0.010533333333333334
    },
    "zh": {
      "loss": 4.677519268035889,
      "acc": 0.01
    },
    "prng": {
      "loss": 4.500501964569092,
      "acc": 0.026133333333333335
    }
  }
}