{
  "en": {
    "en": {
      "loss": 2.5370447483062746,
      "acc": 0.34053333333333335
    },
    "zh": {
      "loss": 3.276120626449585,
      "acc": 0.2452
    },
    "prng": {
      "loss": 6.464923118591309,
      "acc": 0.010466666666666668
    }
  },
  "zh": {
    "en": {
      "loss": 2.9116854457855226,
      "acc": 0.2743333333333333
    },
    "zh": {
      "loss": 2.7389369831085206,
      "acc": 0.30966666666666665
    },
    "prng": {
      "loss": 6.051709354400635,
      "acc": 0.009533333333333333
    }
  },
  "prng": {
    "en": {
      "loss": 4.685275737762451,
      "acc": 0.009933333333333334
    },
    "zh": {
      "loss": 4.680880645751953,
      "acc": 0.009533333333333333
    },
    "prng": {
      "loss": 4.668783390045166,
      "acc": 0.0088
    }
  }
}